T,H2,H,O,O2,OH,H2O,HO2,H2O2,C,CH,CH2,CH2(S),CH3,CH4,CO,CO2,HCO,CH2O,CH2OH,CH3O,CH3OH,C2H,C2H2,C2H3,C2H4,C2H5,C2H6,HCCO,CH2CO,HCCOH,N,NH,NH2,NH3,NNH,NO,NO2,N2O,HNO,CN,HCN,H2CN,HCNN,HCNO,HOCN,HNCO,NCO,N2,AR,C3H7,C3H8,CH2CHO,CH3CHO,Z
2.94E+002,0.00E+000,0.00E+000,0.00E+000,1.97E-001,0.00E+000,0.00E+000,0.00E+000,0.00E+000,0.00E+000,0.00E+000,0.00E+000,0.00E+000,0.00E+000,1.56E-001,0.00E+000,0.00E+000,0.00E+000,0.00E+000,0.00E+000,0.00E+000,0.00E+000,0.00E+000,0.00E+000,0.00E+000,0.00E+000,0.00E+000,0.00E+000,0.00E+000,0.00E+000,0.00E+000,0.00E+000,0.00E+000,0.00E+000,0.00E+000,0.00E+000,0.00E+000,0.00E+000,0.00E+000,0.00E+000,0.00E+000,0.00E+000,0.00E+000,0.00E+000,0.00E+000,0.00E+000,0.00E+000,0.00E+000,6.47E-001,0.00E+000,0.00E+000,0.00E+000,0.00E+000,0.00E+000,1.00E+000
2.94E+002,2.18E-006,1.27E-020,1.51E-013,1.97E-001,9.93E-014,2.34E-006,5.21E-010,6.79E-011,3.94E-040,3.54E-038,1.09E-021,4.48E-023,2.30E-010,1.56E-001,5.57E-007,1.47E-007,3.15E-021,2.55E-009,2.61E-023,2.57E-012,2.01E-010,1.05E-032,3.67E-009,5.96E-024,6.75E-009,1.70E-015,4.64E-009,7.30E-022,3.37E-010,1.20E-012,2.51E-019,1.44E-019,1.24E-012,1.58E-011,2.66E-029,2.15E-010,4.02E-011,1.78E-013,3.51E-014,1.16E-033,1.96E-011,6.46E-016,6.01E-038,2.38E-012,1.48E-014,8.75E-012,1.29E-015,6.47E-001,0.00E+000,1.56E-014,9.24E-012,1.16E-019,1.47E-011,1.00E+000
2.94E+002,9.33E-006,2.79E-019,7.65E-013,1.97E-001,6.55E-013,1.34E-005,3.05E-009,3.98E-010,2.14E-040,9.25E-036,3.76E-020,1.69E-021,1.31E-009,1.56E-001,3.26E-006,9.61E-007,1.18E-019,1.68E-008,1.12E-021,1.83E-011,1.34E-009,4.48E-031,2.35E-008,2.53E-022,4.39E-008,1.24E-014,3.13E-008,2.28E-020,2.37E-009,8.43E-012,1.31E-018,8.86E-019,6.23E-012,9.11E-011,5.86E-028,1.26E-009,2.52E-010,1.17E-012,2.06E-013,5.11E-032,1.30E-010,4.32E-015,1.47E-035,1.56E-011,9.68E-014,5.73E-011,8.47E-015,6.47E-001,0.00E+000,1.19E-013,7.05E-011,2.14E-018,1.04E-010,1.00E+000
2.94E+002,1.84E-005,2.22E-018,1.79E-012,1.97E-001,2.74E-012,3.54E-005,8.23E-009,1.08E-009,5.79E-040,4.84E-034,4.00E-019,1.86E-020,3.46E-009,1.56E-001,8.84E-006,2.91E-006,1.35E-018,5.16E-008,1.45E-020,6.83E-011,4.13E-009,5.70E-030,6.97E-008,3.21E-021,1.33E-007,4.85E-014,9.81E-008,1.91E-019,7.78E-009,2.76E-011,3.20E-018,3.50E-018,1.45E-011,2.43E-010,4.72E-027,3.42E-009,7.32E-010,3.57E-012,5.60E-013,6.76E-031,4.02E-010,1.34E-014,7.68E-034,4.74E-011,2.94E-013,1.74E-010,2.57E-014,6.47E-001,0.00E+000,4.23E-013,2.51E-010,1.46E-017,3.43E-010,1.00E+000
2.95E+002,2.97E-005,1.34E-017,3.46E-012,1.97E-001,1.00E-011,7.76E-005,1.84E-008,2.43E-009,1.66E-039,1.66E-032,3.10E-018,1.49E-019,7.56E-009,1.56E-001,1.99E-005,7.40E-006,1.18E-017,1.32E-007,1.36E-019,2.23E-010,1.07E-008,5.40E-029,1.73E-007,2.98E-020,3.34E-007,1.70E-013,2.57E-007,1.27E-018,2.15E-008,7.62E-011,6.43E-018,1.29E-017,2.77E-011,5.38E-010,2.91E-026,7.72E-009,1.77E-009,9.09E-012,1.26E-012,6.64E-030,1.04E-009,3.47E-014,2.62E-032,1.21E-010,7.49E-013,4.43E-010,6.53E-014,6.47E-001,0.00E+000,1.27E-012,7.54E-010,7.12E-017,9.51E-010,1.00E+000
2.96E+002,4.36E-005,7.09E-017,6.09E-012,1.97E-001,3.28E-011,1.55E-004,3.77E-008,5.00E-009,1.56E-039,4.45E-031,2.00E-017,9.77E-019,1.51E-008,1.56E-001,4.08E-005,1.72E-005,8.76E-017,3.11E-007,1.05E-018,6.79E-010,2.53E-008,4.38E-028,3.92E-007,2.30E-019,7.74E-007,5.64E-013,6.21E-007,8.05E-018,5.43E-008,1.93E-010,1.18E-017,4.52E-017,4.81E-011,1.09E-009,1.61E-025,1.59E-008,3.93E-009,2.12E-011,2.60E-012,5.58E-029,2.46E-009,8.27E-014,6.99E-031,2.81E-010,1.75E-012,1.03E-009,1.52E-013,6.47E-001,0.00E+000,3.51E-012,2.09E-009,2.99E-016,2.42E-009,9.99E-001
2.98E+002,6.04E-005,3.43E-016,1.01E-011,1.96E-001,9.74E-011,2.93E-004,7.27E-008,9.69E-009,7.59E-039,9.91E-030,1.11E-016,5.49E-018,2.84E-008,1.56E-001,7.91E-005,3.77E-005,5.65E-016,6.88E-007,6.94E-018,1.93E-009,5.66E-008,3.23E-027,8.39E-007,1.54E-018,1.69E-006,1.79E-012,1.41E-006,4.91E-017,1.30E-007,4.60E-010,2.06E-017,1.53E-016,7.89E-011,2.07E-009,8.34E-025,3.09E-008,8.19E-009,4.68E-011,5.04E-012,4.23E-028,5.50E-009,1.86E-013,1.54E-029,6.18E-010,3.84E-012,2.27E-009,3.33E-013,6.47E-001,0.00E+000,9.15E-012,5.45E-009,1.15E-015,5.80E-009,9.99E-001
3.00E+002,8.05E-005,1.52E-015,1.62E-011,1.96E-001,2.62E-010,5.27E-004,1.33E-007,1.79E-008,1.09E-038,1.85E-028,5.33E-016,2.69E-017,5.10E-008,1.56E-001,1.46E-004,7.87E-005,3.16E-015,1.45E-006,3.93E-017,5.16E-009,1.20E-007,2.27E-026,1.71E-006,9.09E-018,3.49E-006,5.38E-012,3.04E-006,2.79E-016,2.93E-007,1.04E-009,3.43E-017,4.95E-016,1.24E-010,3.76E-009,4.18E-024,5.72E-008,1.62E-008,9.79E-011,9.33E-012,3.02E-027,1.17E-008,3.95E-013,2.83E-028,1.29E-009,8.01E-012,4.74E-009,6.95E-013,6.47E-001,0.00E+000,2.26E-011,1.34E-008,4.28E-015,1.32E-008,9.98E-001
3.05E+002,1.04E-004,6.26E-015,2.51E-011,1.96E-001,6.36E-010,9.06E-004,2.34E-007,3.16E-008,2.27E-038,2.91E-027,2.23E-015,1.15E-016,8.81E-008,1.55E-001,2.58E-004,1.56E-004,1.52E-014,2.89E-006,1.91E-016,1.28E-008,2.42E-007,1.59E-025,3.31E-006,4.76E-017,6.90E-006,1.53E-011,6.22E-006,1.43E-015,6.29E-007,2.23E-009,5.55E-017,1.54E-015,1.87E-010,6.53E-009,2.07E-023,1.02E-007,3.07E-008,1.95E-010,1.65E-011,2.11E-026,2.36E-008,8.01E-013,4.31E-027,2.57E-009,1.59E-011,9.44E-009,1.38E-012,6.48E-001,0.00E+000,5.30E-011,3.14E-008,1.58E-014,2.84E-008,9.97E-001
3.12E+002,1.31E-004,2.37E-014,3.79E-011,1.95E-001,1.39E-009,1.49E-003,3.92E-007,5.33E-008,9.89E-037,3.77E-026,8.12E-015,4.28E-016,1.47E-007,1.54E-001,4.38E-004,2.95E-004,6.30E-014,5.50E-006,7.86E-016,2.97E-008,4.65E-007,1.17E-024,6.13E-006,2.24E-016,1.30E-005,4.09E-011,1.21E-005,6.50E-015,1.28E-006,4.55E-009,8.76E-017,4.59E-015,2.73E-010,1.09E-008,1.04E-022,1.73E-007,5.51E-008,3.70E-010,2.81E-011,1.51E-025,4.52E-008,1.54E-012,5.35E-026,4.87E-009,3.02E-011,1.79E-008,2.63E-012,6.48E-001,0.00E+000,1.18E-010,6.94E-008,5.99E-014,5.81E-008,9.94E-001
3.22E+002,1.63E-004,8.27E-014,5.62E-011,1.95E-001,2.71E-009,2.36E-003,6.32E-007,8.61E-008,3.52E-035,4.02E-025,2.57E-014,1.40E-015,2.38E-007,1.53E-001,7.12E-004,5.32E-004,2.22E-013,9.94E-006,2.75E-015,6.36E-008,8.49E-007,9.27E-024,1.08E-005,9.49E-016,2.33E-005,1.01E-010,2.25E-005,2.58E-014,2.47E-006,8.78E-009,1.36E-016,1.32E-014,3.85E-010,1.73E-008,5.36E-022,2.83E-007,9.40E-008,6.70E-010,4.57E-011,1.13E-024,8.25E-008,2.83E-012,5.36E-025,8.78E-009,5.45E-011,3.23E-008,4.77E-012,6.48E-001,0.00E+000,2.50E-010,1.45E-007,2.33E-013,1.13E-007,9.91E-001
3.37E+002,1.99E-004,2.69E-013,8.22E-011,1.93E-001,4.75E-009,3.58E-003,9.76E-007,1.33E-007,9.75E-034,3.54E-024,7.07E-014,4.01E-015,3.75E-007,1.52E-001,1.11E-003,9.11E-004,6.69E-013,1.71E-005,8.15E-015,1.25E-007,1.47E-006,8.17E-023,1.82E-005,3.66E-015,3.96E-005,2.30E-010,3.96E-005,8.89E-014,4.51E-006,1.60E-008,2.08E-016,3.62E-014,5.28E-010,2.65E-008,2.90E-021,4.44E-007,1.52E-007,1.15E-009,7.14E-011,9.07E-024,1.43E-007,4.91E-012,4.31E-024,1.51E-008,9.35E-011,5.54E-008,8.25E-012,6.49E-001,0.00E+000,5.04E-010,2.84E-007,9.15E-013,2.06E-007,9.86E-001
3.56E+002,2.39E-004,8.30E-013,1.18E-010,1.92E-001,7.51E-009,5.20E-003,1.45E-006,1.96E-007,2.15E-032,2.63E-023,1.71E-013,1.02E-014,5.77E-007,1.50E-001,1.66E-003,1.48E-003,1.74E-012,2.77E-005,2.08E-014,2.27E-007,2.41E-006,7.86E-022,2.91E-005,1.30E-014,6.42E-005,4.79E-010,6.60E-005,2.68E-013,7.77E-006,2.76E-008,3.16E-016,9.55E-014,7.01E-010,3.89E-008,1.65E-020,6.69E-007,2.33E-007,1.88E-009,1.07E-010,7.66E-023,2.34E-007,8.07E-012,2.84E-023,2.46E-008,1.53E-010,9.03E-008,1.36E-011,6.50E-001,0.00E+000,9.66E-010,5.23E-007,3.58E-012,3.56E-007,9.80E-001
3.81E+002,2.83E-004,2.50E-012,1.69E-010,1.90E-001,1.09E-008,7.25E-003,2.07E-006,2.76E-007,4.07E-031,1.72E-022,3.70E-013,2.32E-014,8.73E-007,1.47E-001,2.38E-003,2.30E-003,3.97E-012,4.28E-005,4.64E-014,3.78E-007,3.76E-006,7.92E-021,4.44E-005,4.24E-014,9.89E-005,9.24E-010,1.04E-004,7.12E-013,1.27E-005,4.49E-008,4.82E-016,2.41E-013,9.04E-010,5.46E-008,9.83E-020,9.70E-007,3.37E-007,2.92E-009,1.53E-010,6.54E-022,3.64E-007,1.26E-011,1.60E-022,3.81E-008,2.37E-010,1.40E-007,2.16E-011,6.51E-001,0.00E+000,1.77E-009,9.09E-007,1.40E-011,5.82E-007,9.71E-001
4.12E+002,3.31E-004,7.64E-012,2.38E-010,1.87E-001,1.47E-008,9.71E-003,2.85E-006,3.73E-007,7.31E-030,1.05E-021,7.33E-013,4.81E-014,1.30E-006,1.44E-001,3.29E-003,3.39E-003,8.22E-012,6.29E-005,9.39E-014,5.81E-007,5.56E-006,7.83E-020,6.47E-005,1.29E-013,1.45E-004,1.68E-009,1.57E-004,1.70E-012,1.95E-005,6.93E-008,7.46E-016,5.75E-013,1.13E-009,7.38E-008,6.12E-019,1.35E-006,4.63E-007,4.32E-009,2.12E-010,5.34E-021,5.39E-007,1.86E-011,8.16E-022,5.63E-008,3.50E-010,2.07E-007,3.26E-011,6.52E-001,0.00E+000,3.08E-009,1.49E-006,5.65E-011,9.01E-007,9.61E-001
4.48E+002,3.83E-004,2.45E-011,3.36E-010,1.83E-001,1.91E-008,1.25E-002,3.81E-006,4.84E-007,1.37E-028,6.37E-021,1.36E-012,9.32E-014,1.91E-006,1.41E-001,4.39E-003,4.79E-003,1.60E-011,8.82E-005,1.78E-013,8.25E-007,7.86E-006,7.17E-019,9.03E-005,3.76E-013,2.04E-004,2.94E-009,2.26E-004,3.70E-012,2.86E-005,1.02E-007,1.18E-015,1.30E-012,1.39E-009,9.61E-008,3.96E-018,1.83E-006,6.04E-007,6.11E-009,2.82E-010,3.95E-020,7.61E-007,2.63E-011,4.02E-021,7.96E-008,4.95E-010,2.93E-007,4.75E-011,6.54E-001,0.00E+000,5.13E-009,2.30E-006,2.32E-010,1.32E-006,9.49E-001
4.88E+002,4.38E-004,8.17E-011,4.81E-010,1.79E-001,2.40E-008,1.57E-002,4.94E-006,6.08E-007,2.71E-027,3.89E-020,2.42E-012,1.72E-013,2.76E-006,1.37E-001,5.66E-003,6.49E-003,3.04E-011,1.19E-004,3.31E-013,1.09E-006,1.06E-005,5.79E-018,1.21E-004,1.07E-012,2.76E-004,5.12E-009,3.10E-004,7.51E-012,4.01E-005,1.43E-007,1.94E-015,2.74E-012,1.66E-009,1.21E-007,2.55E-017,2.39E-006,7.52E-007,8.31E-009,3.64E-010,2.56E-019,1.03E-006,3.54E-011,1.96E-020,1.08E-007,6.71E-010,3.98E-007,6.65E-011,6.55E-001,0.00E+000,8.18E-009,3.39E-006,9.11E-010,1.86E-006,9.35E-001
5.32E+002,4.95E-004,2.67E-010,7.14E-010,1.74E-001,2.99E-008,1.91E-002,6.23E-006,7.42E-007,5.11E-026,2.29E-019,4.23E-012,3.07E-013,3.96E-006,1.32E-001,7.09E-003,8.50E-003,5.85E-011,1.54E-004,6.45E-013,1.35E-006,1.39E-005,4.03E-017,1.57E-004,3.05E-012,3.59E-004,9.11E-009,4.11E-004,1.45E-011,5.40E-005,1.92E-007,3.32E-015,5.47E-012,1.94E-009,1.49E-007,1.52E-016,3.03E-006,8.99E-007,1.09E-008,4.57E-010,1.42E-018,1.35E-006,4.55E-011,9.19E-020,1.42E-007,8.80E-010,5.21E-007,9.01E-011,6.57E-001,0.00E+000,1.24E-008,4.78E-006,3.19E-009,2.51E-006,9.20E-001
5.80E+002,5.53E-004,7.97E-010,1.12E-009,1.69E-001,3.71E-008,2.26E-002,7.63E-006,8.82E-007,8.07E-025,1.23E-018,7.38E-012,5.41E-013,5.61E-006,1.27E-001,8.65E-003,1.08E-002,1.15E-010,1.93E-004,1.39E-012,1.56E-006,1.75E-005,2.38E-016,1.98E-004,8.79E-012,4.54E-004,1.66E-008,5.27E-004,2.74E-011,7.02E-005,2.49E-007,5.97E-015,1.03E-011,2.24E-009,1.78E-007,7.70E-016,3.75E-006,1.03E-006,1.38E-008,5.58E-010,6.73E-018,1.70E-006,5.54E-011,3.92E-019,1.80E-007,1.12E-009,6.61E-007,1.19E-010,6.59E-001,0.00E+000,1.80E-008,6.46E-006,9.50E-009,3.27E-006,9.03E-001
6.30E+002,6.12E-004,2.08E-009,1.86E-009,1.64E-001,4.58E-008,2.63E-002,9.07E-006,1.03E-006,9.86E-024,5.82E-018,1.29E-011,9.40E-013,7.88E-006,1.22E-001,1.03E-002,1.33E-002,2.27E-010,2.35E-004,3.30E-012,1.69E-006,2.14E-005,1.20E-015,2.43E-004,2.45E-011,5.58E-004,3.03E-008,6.55E-004,5.13E-011,8.85E-005,3.14E-007,1.11E-014,1.82E-011,2.55E-009,2.08E-007,3.20E-015,4.55E-006,1.15E-006,1.71E-008,6.69E-010,2.74E-017,2.09E-006,6.32E-011,1.47E-018,2.22E-007,1.38E-009,8.17E-007,1.52E-010,6.61E-001,0.00E+000,2.44E-008,8.45E-006,2.37E-008,4.13E-006,8.85E-001
6.81E+002,6.72E-004,4.67E-009,3.27E-009,1.58E-001,5.64E-008,3.01E-002,1.04E-005,1.17E-006,9.02E-023,2.37E-017,2.25E-011,1.61E-012,1.10E-005,1.17E-001,1.21E-002,1.60E-002,4.38E-010,2.80E-004,7.95E-012,1.69E-006,2.54E-005,5.19E-015,2.91E-004,6.28E-011,6.70E-004,5.46E-008,7.95E-004,9.84E-011,1.09E-004,3.85E-007,2.05E-014,3.07E-011,2.87E-009,2.39E-007,1.08E-014,5.40E-006,1.24E-006,2.06E-008,7.88E-010,9.70E-017,2.51E-006,6.62E-011,4.82E-018,2.68E-007,1.66E-009,9.86E-007,1.92E-010,6.64E-001,0.00E+000,3.06E-008,1.07E-005,4.94E-008,5.07E-006,8.66E-001
7.34E+002,7.32E-004,9.11E-009,5.87E-009,1.52E-001,6.93E-008,3.39E-002,1.16E-005,1.31E-006,6.24E-022,8.34E-017,3.89E-011,2.68E-012,1.52E-005,1.12E-001,1.39E-002,1.90E-002,8.20E-010,3.26E-004,1.81E-011,1.56E-006,2.95E-005,1.95E-014,3.42E-004,1.45E-010,7.89E-004,9.52E-008,9.44E-004,1.96E-010,1.30E-004,4.63E-007,3.72E-014,4.94E-011,3.21E-009,2.71E-007,2.98E-014,6.31E-006,1.31E-006,2.44E-008,9.15E-010,3.02E-016,2.95E-006,6.23E-011,1.38E-017,3.17E-007,1.97E-009,1.17E-006,2.38E-010,6.66E-001,0.00E+000,3.47E-008,1.32E-005,8.80E-008,6.10E-006,8.46E-001
7.87E+002,7.91E-004,1.57E-008,1.04E-008,1.46E-001,8.52E-008,3.76E-002,1.26E-005,1.45E-006,3.40E-021,2.59E-016,6.74E-011,4.37E-012,2.08E-005,1.06E-001,1.58E-002,2.20E-002,1.48E-009,3.73E-004,3.82E-011,1.34E-006,3.36E-005,6.46E-014,3.95E-004,3.02E-010,9.14E-004,1.61E-007,1.10E-003,4.01E-010,1.54E-004,5.45E-007,6.49E-014,7.62E-011,3.57E-009,3.02E-007,6.97E-014,7.26E-006,1.35E-006,2.84E-008,1.05E-009,8.50E-016,3.41E-006,5.21E-011,3.54E-017,3.68E-007,2.29E-009,1.35E-006,2.92E-010,6.68E-001,0.00E+000,3.44E-008,1.60E-005,1.36E-007,7.18E-006,8.26E-001
8.41E+002,8.49E-004,2.47E-008,1.78E-008,1.40E-001,1.06E-007,4.14E-002,1.33E-005,1.59E-006,1.55E-020,7.40E-016,1.18E-010,7.13E-012,2.83E-005,1.01E-001,1.77E-002,2.52E-002,2.63E-009,4.20E-004,7.47E-011,1.10E-006,3.75E-005,1.95E-013,4.50E-004,5.88E-010,1.04E-003,2.69E-007,1.26E-003,8.25E-010,1.78E-004,6.31E-007,1.09E-013,1.13E-010,3.96E-009,3.34E-007,1.42E-013,8.25E-006,1.35E-006,3.24E-008,1.21E-009,2.21E-015,3.89E-006,3.88E-011,8.47E-017,4.22E-007,2.62E-009,1.55E-006,3.57E-010,6.71E-001,0.00E+000,2.95E-008,1.90E-005,1.83E-007,8.33E-006,8.05E-001
8.95E+002,9.07E-004,3.63E-008,2.93E-008,1.33E-001,1.34E-007,4.51E-002,1.40E-005,1.72E-006,6.41E-020,2.02E-015,2.09E-010,1.18E-011,3.82E-005,9.55E-002,1.97E-002,2.85E-002,4.58E-009,4.66E-004,1.39E-010,8.97E-007,4.13E-005,5.45E-013,5.06E-004,1.11E-009,1.17E-003,4.42E-007,1.42E-003,1.68E-009,2.03E-004,7.21E-007,1.77E-013,1.64E-010,4.41E-009,3.65E-007,2.63E-013,9.26E-006,1.34E-006,3.66E-008,1.39E-009,5.47E-015,4.37E-006,2.69E-011,1.96E-016,4.76E-007,2.96E-009,1.75E-006,4.38E-010,6.73E-001,0.00E+000,2.26E-008,2.21E-005,2.18E-007,9.51E-006,7.85E-001
9.49E+002,9.63E-004,5.14E-008,4.66E-008,1.27E-001,1.76E-007,4.87E-002,1.46E-005,1.83E-006,2.54E-019,5.46E-015,3.81E-010,2.02E-011,5.13E-005,9.00E-002,2.16E-002,3.18E-002,7.99E-009,5.11E-004,2.51E-010,7.50E-007,4.48E-005,1.45E-012,5.63E-004,2.10E-009,1.31E-003,7.19E-007,1.58E-003,3.35E-009,2.29E-004,8.13E-007,2.83E-013,2.30E-010,4.92E-009,3.95E-007,4.56E-013,1.03E-005,1.30E-006,4.09E-008,1.60E-009,1.32E-014,4.85E-006,1.84E-011,4.57E-016,5.32E-007,3.31E-009,1.95E-006,5.40E-010,6.76E-001,0.00E+000,1.69E-008,2.53E-005,2.34E-007,1.07E-005,7.64E-001
1.00E+003,1.02E-003,7.18E-008,7.24E-008,1.20E-001,2.39E-007,5.22E-002,1.55E-005,1.93E-006,1.00E-018,1.49E-014,7.12E-010,3.60E-011,6.84E-005,8.46E-002,2.35E-002,3.51E-002,1.39E-008,5.53E-004,4.49E-010,6.59E-007,4.80E-005,3.71E-012,6.20E-004,4.04E-009,1.44E-003,1.15E-006,1.73E-003,6.59E-009,2.56E-004,9.08E-007,4.51E-013,3.17E-010,5.53E-009,4.25E-007,7.58E-013,1.13E-005,1.25E-006,4.52E-008,1.87E-009,3.12E-014,5.34E-006,1.33E-011,1.09E-015,5.89E-007,3.66E-009,2.16E-006,6.74E-010,6.78E-001,0.00E+000,1.33E-008,2.85E-005,2.30E-007,1.20E-005,7.44E-001
1.05E+003,1.07E-003,1.00E-007,1.11E-007,1.14E-001,3.36E-007,5.56E-002,1.65E-005,2.01E-006,4.09E-018,4.16E-014,1.36E-009,6.65E-011,9.04E-005,7.93E-002,2.54E-002,3.85E-002,2.43E-008,5.93E-004,8.04E-010,6.11E-007,5.10E-005,9.19E-012,6.77E-004,7.88E-009,1.57E-003,1.77E-006,1.88E-003,1.28E-008,2.82E-004,1.00E-006,7.26E-013,4.29E-010,6.26E-009,4.54E-007,1.24E-012,1.23E-005,1.18E-006,4.95E-008,2.21E-009,7.33E-014,5.83E-006,1.06E-011,2.68E-015,6.45E-007,4.01E-009,2.36E-006,8.51E-010,6.81E-001,0.00E+000,1.15E-008,3.18E-005,2.16E-007,1.32E-005,7.23E-001
1.11E+003,1.12E-003,1.41E-007,1.69E-007,1.08E-001,4.86E-007,5.90E-002,1.77E-005,2.07E-006,1.73E-017,1.19E-013,2.64E-009,1.27E-010,1.19E-004,7.41E-002,2.73E-002,4.18E-002,4.21E-008,6.30E-004,1.44E-009,5.98E-007,5.37E-005,2.21E-011,7.34E-004,1.55E-008,1.70E-003,2.66E-006,2.02E-003,2.46E-008,3.09E-004,1.10E-006,1.18E-012,5.73E-010,7.17E-009,4.82E-007,1.99E-012,1.34E-005,1.10E-006,5.37E-008,2.63E-009,1.71E-013,6.31E-006,9.34E-012,6.82E-015,7.02E-007,4.38E-009,2.57E-006,1.09E-009,6.83E-001,0.00E+000,1.08E-008,3.49E-005,2.05E-007,1.45E-005,7.03E-001
1.16E+003,1.17E-003,1.99E-007,2.55E-007,1.02E-001,7.19E-007,6.22E-002,1.91E-005,2.09E-006,7.59E-017,3.49E-013,5.17E-009,2.45E-010,1.55E-004,6.89E-002,2.92E-002,4.51E-002,7.17E-008,6.63E-004,2.59E-009,6.11E-007,5.61E-005,5.16E-011,7.90E-004,3.07E-008,1.83E-003,3.84E-006,2.14E-003,4.70E-008,3.35E-004,1.20E-006,1.94E-012,7.56E-010,8.29E-009,5.09E-007,3.19E-012,1.44E-005,1.01E-006,5.79E-008,3.16E-009,3.91E-013,6.78E-006,9.03E-012,1.78E-014,7.59E-007,4.74E-009,2.77E-006,1.41E-009,6.85E-001,0.00E+000,1.11E-008,3.78E-005,2.05E-007,1.57E-005,6.84E-001
1.21E+003,1.22E-003,2.86E-007,3.84E-007,9.61E-002,1.08E-006,6.53E-002,2.07E-005,2.07E-006,3.42E-016,1.04E-012,1.02E-008,4.81E-010,2.00E-004,6.39E-002,3.10E-002,4.84E-002,1.20E-007,6.92E-004,4.65E-009,6.46E-007,5.81E-005,1.17E-010,8.46E-004,6.01E-008,1.96E-003,5.36E-006,2.24E-003,8.85E-008,3.61E-004,1.31E-006,3.23E-012,9.89E-010,9.69E-009,5.35E-007,5.10E-012,1.54E-005,9.10E-007,6.21E-008,3.80E-009,8.80E-013,7.25E-006,9.48E-012,4.71E-014,8.15E-007,5.11E-009,2.97E-006,1.85E-009,6.88E-001,0.00E+000,1.24E-008,4.04E-005,2.18E-007,1.70E-005,6.65E-001
1.26E+003,1.27E-003,4.11E-007,5.74E-007,9.03E-002,1.63E-006,6.83E-002,2.25E-005,2.01E-006,1.57E-015,3.10E-012,1.99E-008,9.45E-010,2.56E-004,5.90E-002,3.27E-002,5.16E-002,1.95E-007,7.16E-004,8.29E-009,7.01E-007,5.98E-005,2.54E-010,9.01E-004,1.16E-007,2.08E-003,7.28E-006,2.32E-003,1.64E-007,3.87E-004,1.42E-006,5.43E-012,1.28E-009,1.14E-008,5.59E-007,8.10E-012,1.63E-005,8.08E-007,6.61E-008,4.59E-009,1.93E-012,7.70E-006,1.07E-011,1.25E-013,8.72E-007,5.49E-009,3.16E-006,2.45E-009,6.90E-001,0.00E+000,1.48E-008,4.24E-005,2.44E-007,1.83E-005,6.46E-001
1.30E+003,1.32E-003,5.94E-007,8.50E-007,8.47E-002,2.48E-006,7.13E-002,2.42E-005,1.91E-006,7.20E-015,9.22E-012,3.88E-008,1.85E-009,3.25E-004,5.42E-002,3.45E-002,5.47E-002,3.10E-007,7.35E-004,1.46E-008,7.75E-007,6.11E-005,5.34E-010,9.55E-004,2.18E-007,2.19E-003,9.64E-006,2.38E-003,3.00E-007,4.11E-004,1.53E-006,9.18E-012,1.66E-009,1.36E-008,5.82E-007,1.28E-011,1.73E-005,7.06E-007,7.01E-008,5.52E-009,4.14E-012,8.15E-006,1.27E-011,3.26E-013,9.27E-007,5.89E-009,3.35E-006,3.26E-009,6.92E-001,0.00E+000,1.86E-008,4.38E-005,2.85E-007,1.96E-005,6.28E-001
1.35E+003,1.36E-003,8.58E-007,1.24E-006,7.93E-002,3.75E-006,7.41E-002,2.60E-005,1.78E-006,3.27E-014,2.71E-011,7.44E-008,3.58E-009,4.09E-004,4.96E-002,3.61E-002,5.78E-002,4.79E-007,7.49E-004,2.55E-008,8.65E-007,6.19E-005,1.08E-009,1.01E-003,3.97E-007,2.29E-003,1.25E-005,2.40E-003,5.34E-007,4.34E-004,1.65E-006,1.57E-011,2.13E-009,1.63E-008,6.03E-007,2.00E-011,1.82E-005,6.05E-007,7.39E-008,6.61E-009,8.60E-012,8.59E-006,1.57E-011,8.37E-013,9.83E-007,6.31E-009,3.53E-006,4.35E-009,6.94E-001,0.00E+000,2.43E-008,4.44E-005,3.41E-007,2.09E-005,6.10E-001
1.39E+003,1.40E-003,1.23E-006,1.79E-006,7.41E-002,5.63E-006,7.68E-002,2.77E-005,1.64E-006,1.45E-013,7.80E-011,1.40E-007,6.81E-009,5.07E-004,4.51E-002,3.77E-002,6.08E-002,7.19E-007,7.56E-004,4.37E-008,9.69E-007,6.22E-005,2.12E-009,1.06E-003,6.99E-007,2.39E-003,1.59E-005,2.39E-003,9.24E-007,4.56E-004,1.79E-006,2.71E-011,2.73E-009,1.97E-008,6.21E-007,3.08E-011,1.91E-005,5.09E-007,7.76E-008,7.86E-009,1.73E-011,9.01E-006,2.02E-011,2.09E-012,1.04E-006,6.77E-009,3.71E-006,5.79E-009,6.96E-001,0.00E+000,3.26E-008,4.40E-005,4.12E-007,2.22E-005,5.93E-001
1.44E+003,1.44E-003,1.76E-006,2.54E-006,6.90E-002,8.41E-006,7.93E-002,2.92E-005,1.49E-006,6.26E-013,2.19E-010,2.58E-007,1.27E-008,6.21E-004,4.08E-002,3.93E-002,6.38E-002,1.05E-006,7.58E-004,7.36E-008,1.09E-006,6.21E-005,4.01E-009,1.11E-003,1.18E-006,2.47E-003,2.00E-005,2.34E-003,1.55E-006,4.75E-004,1.93E-006,4.76E-011,3.49E-009,2.38E-008,6.38E-007,4.70E-011,2.00E-005,4.19E-007,8.12E-008,9.28E-009,3.36E-011,9.42E-006,2.70E-011,5.04E-012,1.09E-006,7.26E-009,3.88E-006,7.67E-009,6.98E-001,0.00E+000,4.40E-008,4.26E-005,5.00E-007,2.35E-005,5.76E-001
1.48E+003,1.48E-003,2.50E-006,3.55E-006,6.42E-002,1.24E-005,8.18E-002,3.05E-005,1.36E-006,2.59E-012,5.93E-010,4.62E-007,2.32E-008,7.50E-004,3.67E-002,4.08E-002,6.66E-002,1.49E-006,7.53E-004,1.21E-007,1.21E-006,6.15E-005,7.32E-009,1.16E-003,1.93E-006,2.53E-003,2.45E-005,2.24E-003,2.51E-006,4.91E-004,2.10E-006,8.52E-011,4.45E-009,2.88E-008,6.51E-007,7.08E-011,2.09E-005,3.39E-007,8.47E-008,1.09E-008,6.33E-011,9.82E-006,3.73E-011,1.17E-011,1.14E-006,7.83E-009,4.05E-006,1.01E-008,7.00E-001,0.00E+000,5.91E-008,4.01E-005,6.01E-007,2.47E-005,5.61E-001
1.52E+003,1.51E-003,3.52E-006,4.89E-006,5.96E-002,1.82E-005,8.42E-002,3.17E-005,1.25E-006,1.02E-011,1.55E-009,8.04E-007,4.13E-008,8.91E-004,3.27E-002,4.22E-002,6.94E-002,2.06E-006,7.43E-004,1.96E-007,1.34E-006,6.04E-005,1.30E-008,1.21E-003,3.01E-006,2.56E-003,2.95E-005,2.11E-003,3.92E-006,5.03E-004,2.29E-006,1.56E-010,5.67E-009,3.48E-008,6.62E-007,1.05E-010,2.17E-005,2.68E-007,8.80E-008,1.26E-008,1.15E-010,1.02E-005,5.37E-011,2.62E-011,1.19E-006,8.47E-009,4.20E-006,1.32E-008,7.02E-001,0.00E+000,7.79E-008,3.66E-005,7.16E-007,2.59E-005,5.45E-001
1.56E+003,1.54E-003,4.89E-006,6.63E-006,5.52E-002,2.64E-005,8.64E-002,3.25E-005,1.17E-006,3.84E-011,3.88E-009,1.36E-006,7.13E-008,1.04E-003,2.89E-002,4.35E-002,7.21E-002,2.77E-006,7.27E-004,3.09E-007,1.46E-006,5.88E-005,2.22E-008,1.26E-003,4.51E-006,2.57E-003,3.45E-005,1.94E-003,5.88E-006,5.10E-004,2.50E-006,2.91E-010,7.22E-009,4.18E-008,6.68E-007,1.53E-010,2.25E-005,2.08E-007,9.13E-008,1.44E-008,2.02E-010,1.06E-005,8.11E-011,5.64E-011,1.24E-006,9.20E-009,4.34E-006,1.71E-008,7.04E-001,0.00E+000,1.00E-007,3.23E-005,8.39E-007,2.70E-005,5.30E-001
1.59E+003,1.56E-003,6.72E-006,8.88E-006,5.10E-002,3.79E-005,8.85E-002,3.32E-005,1.12E-006,1.35E-010,9.29E-009,2.21E-006,1.19E-007,1.19E-003,2.53E-002,4.47E-002,7.47E-002,3.66E-006,7.07E-004,4.75E-007,1.58E-006,5.67E-005,3.70E-008,1.30E-003,6.50E-006,2.54E-003,3.92E-005,1.74E-003,8.46E-006,5.11E-004,2.75E-006,5.51E-010,9.18E-009,5.00E-008,6.71E-007,2.20E-010,2.33E-005,1.60E-007,9.43E-008,1.64E-008,3.45E-010,1.09E-005,1.29E-010,1.16E-010,1.28E-006,1.01E-008,4.47E-006,2.18E-008,7.06E-001,0.00E+000,1.24E-007,2.74E-005,9.67E-007,2.79E-005,5.16E-001
1.63E+003,1.58E-003,9.11E-006,1.18E-005,4.71E-002,5.40E-005,9.05E-002,3.37E-005,1.08E-006,4.48E-010,2.12E-008,3.48E-006,1.93E-007,1.33E-003,2.20E-002,4.58E-002,7.71E-002,4.73E-006,6.83E-004,7.11E-007,1.68E-006,5.43E-005,5.98E-008,1.34E-003,8.98E-006,2.47E-003,4.32E-005,1.52E-003,1.17E-005,5.05E-004,3.02E-006,1.05E-009,1.16E-008,5.92E-008,6.69E-007,3.10E-010,2.41E-005,1.21E-007,9.73E-008,1.85E-008,5.69E-010,1.13E-005,2.13E-010,2.29E-010,1.32E-006,1.11E-008,4.58E-006,2.77E-008,7.08E-001,0.00E+000,1.46E-007,2.24E-005,1.09E-006,2.86E-005,5.02E-001
1.66E+003,1.59E-003,1.22E-005,1.54E-005,4.35E-002,7.61E-005,9.23E-002,3.39E-005,1.06E-006,1.38E-009,4.58E-008,5.27E-006,3.01E-007,1.46E-003,1.89E-002,4.68E-002,7.95E-002,6.01E-006,6.57E-004,1.04E-006,1.75E-006,5.15E-005,9.38E-008,1.36E-003,1.19E-005,2.36E-003,4.57E-005,1.29E-003,1.54E-005,4.92E-004,3.33E-006,1.99E-009,1.46E-008,6.94E-008,6.61E-007,4.30E-010,2.48E-005,9.08E-008,1.00E-007,2.07E-008,9.11E-010,1.16E-005,3.62E-010,4.31E-010,1.35E-006,1.22E-008,4.67E-006,3.47E-008,7.09E-001,0.00E+000,1.64E-007,1.75E-005,1.21E-006,2.89E-005,4.89E-001
1.69E+003,1.60E-003,1.62E-005,2.03E-005,4.01E-002,1.07E-004,9.40E-002,3.41E-005,1.05E-006,4.03E-009,9.50E-008,7.72E-006,4.56E-007,1.56E-003,1.59E-002,4.77E-002,8.18E-002,7.55E-006,6.28E-004,1.47E-006,1.79E-006,4.84E-005,1.44E-007,1.37E-003,1.52E-005,2.20E-003,4.65E-005,1.05E-003,1.97E-005,4.72E-004,3.65E-006,3.76E-009,1.84E-008,8.06E-008,6.48E-007,5.89E-010,2.56E-005,6.80E-008,1.03E-007,2.29E-008,1.43E-009,1.19E-005,6.23E-010,7.82E-010,1.37E-006,1.35E-008,4.74E-006,4.33E-008,7.11E-001,0.00E+000,1.74E-007,1.30E-005,1.30E-006,2.87E-005,4.76E-001
1.72E+003,1.60E-003,2.11E-005,2.66E-005,3.71E-002,1.49E-004,9.55E-002,3.42E-005,1.03E-006,1.08E-008,1.85E-007,1.08E-005,6.60E-007,1.62E-003,1.33E-002,4.84E-002,8.41E-002,9.35E-006,5.99E-004,2.03E-006,1.80E-006,4.50E-005,2.12E-007,1.37E-003,1.86E-005,2.01E-003,4.50E-005,8.26E-004,2.42E-005,4.45E-004,3.99E-006,6.90E-009,2.29E-008,9.22E-008,6.28E-007,7.91E-010,2.64E-005,5.14E-008,1.06E-007,2.52E-008,2.17E-009,1.22E-005,1.05E-009,1.35E-009,1.37E-006,1.50E-008,4.77E-006,5.35E-008,7.13E-001,0.00E+000,1.73E-007,9.12E-006,1.37E-006,2.80E-005,4.63E-001
1.74E+003,1.58E-003,2.71E-005,3.49E-005,3.43E-002,2.05E-004,9.69E-002,3.41E-005,1.00E-006,2.63E-008,3.37E-007,1.45E-005,9.14E-007,1.63E-003,1.09E-002,4.89E-002,8.61E-002,1.14E-005,5.69E-004,2.68E-006,1.76E-006,4.14E-005,3.01E-007,1.34E-003,2.17E-005,1.78E-003,4.15E-005,6.25E-004,2.85E-005,4.12E-004,4.31E-006,1.22E-008,2.81E-008,1.04E-007,6.02E-007,1.04E-009,2.72E-005,3.95E-008,1.09E-007,2.75E-008,3.19E-009,1.24E-005,1.69E-009,2.19E-009,1.36E-006,1.67E-008,4.77E-006,6.53E-008,7.14E-001,0.00E+000,1.59E-007,6.08E-006,1.41E-006,2.67E-005,4.51E-001
1.77E+003,1.56E-003,3.41E-005,4.62E-005,3.20E-002,2.78E-004,9.81E-002,3.39E-005,9.68E-007,5.83E-008,5.72E-007,1.85E-005,1.20E-006,1.59E-003,8.80E-003,4.92E-002,8.81E-002,1.37E-005,5.40E-004,3.40E-006,1.68E-006,3.76E-005,4.10E-007,1.28E-003,2.42E-005,1.54E-003,3.61E-005,4.53E-004,3.25E-005,3.75E-004,4.57E-006,2.05E-008,3.39E-008,1.14E-007,5.69E-007,1.34E-009,2.81E-005,3.10E-008,1.13E-007,2.97E-008,4.55E-009,1.26E-005,2.57E-009,3.35E-009,1.33E-006,1.85E-008,4.73E-006,7.88E-008,7.16E-001,0.00E+000,1.36E-007,3.84E-006,1.42E-006,2.49E-005,4.39E-001
1.79E+003,1.53E-003,4.22E-005,6.17E-005,3.00E-002,3.73E-004,9.91E-002,3.36E-005,9.16E-007,1.17E-007,8.99E-007,2.24E-005,1.51E-006,1.50E-003,6.99E-003,4.92E-002,8.99E-002,1.62E-005,5.09E-004,4.12E-006,1.56E-006,3.37E-005,5.31E-007,1.20E-003,2.55E-005,1.28E-003,2.97E-005,3.15E-004,3.58E-005,3.35E-004,4.76E-006,3.25E-008,4.01E-008,1.23E-007,5.31E-007,1.69E-009,2.89E-005,2.50E-008,1.17E-007,3.19E-008,6.27E-009,1.27E-005,3.61E-009,4.81E-009,1.29E-006,2.04E-008,4.64E-006,9.39E-008,7.17E-001,0.00E+000,1.07E-007,2.28E-006,1.39E-006,2.26E-005,4.28E-001
1.80E+003,1.49E-003,5.12E-005,8.31E-005,2.85E-002,4.92E-004,9.98E-002,3.30E-005,8.51E-007,2.09E-007,1.31E-006,2.57E-005,1.78E-006,1.36E-003,5.46E-003,4.90E-002,9.17E-002,1.87E-005,4.77E-004,4.76E-006,1.41E-006,2.97E-005,6.53E-007,1.09E-003,2.56E-005,1.04E-003,2.31E-005,2.09E-004,3.83E-005,2.93E-004,4.82E-006,4.82E-008,4.64E-008,1.29E-007,4.88E-007,2.09E-009,2.98E-005,2.07E-008,1.22E-007,3.39E-008,8.32E-009,1.26E-005,4.65E-009,6.46E-009,1.23E-006,2.22E-008,4.50E-006,1.10E-007,7.19E-001,0.00E+000,7.79E-008,1.28E-006,1.33E-006,1.99E-005,4.17E-001
1.82E+003,1.44E-003,6.09E-005,1.13E-004,2.74E-002,6.38E-004,1.00E-001,3.21E-005,7.76E-007,3.35E-007,1.74E-006,2.79E-005,1.99E-006,1.19E-003,4.18E-003,4.85E-002,9.32E-002,2.11E-005,4.42E-004,5.21E-006,1.24E-006,2.57E-005,7.58E-007,9.56E-004,2.43E-005,8.09E-004,1.68E-005,1.33E-004,3.96E-005,2.52E-004,4.72E-006,6.68E-008,5.24E-008,1.33E-007,4.42E-007,2.52E-009,3.07E-005,1.76E-008,1.27E-007,3.58E-008,1.06E-008,1.24E-005,5.43E-009,8.09E-009,1.15E-006,2.39E-008,4.31E-006,1.27E-007,7.20E-001,0.00E+000,5.18E-008,6.79E-007,1.24E-006,1.70E-005,4.06E-001
1.82E+003,1.38E-003,7.10E-005,1.54E-004,2.67E-002,8.13E-004,1.01E-001,3.09E-005,6.95E-007,4.78E-007,2.14E-006,2.84E-005,2.10E-006,1.00E-003,3.15E-003,4.77E-002,9.46E-002,2.29E-005,4.04E-004,5.40E-006,1.05E-006,2.17E-005,8.27E-007,8.10E-004,2.18E-005,6.09E-004,1.15E-005,8.03E-005,3.97E-005,2.13E-004,4.46E-006,8.57E-008,5.76E-008,1.33E-007,3.93E-007,2.97E-009,3.17E-005,1.53E-008,1.33E-007,3.74E-008,1.29E-008,1.21E-005,5.72E-009,9.43E-009,1.06E-006,2.54E-008,4.07E-006,1.44E-007,7.21E-001,0.00E+000,3.17E-008,3.39E-007,1.12E-006,1.40E-005,3.96E-001
1.83E+003,1.31E-003,8.11E-005,2.10E-004,2.64E-002,1.01E-003,1.01E-001,2.94E-005,6.17E-007,6.07E-007,2.40E-006,2.73E-005,2.07E-006,8.06E-004,2.33E-003,4.66E-002,9.59E-002,2.40E-005,3.61E-004,5.29E-006,8.60E-007,1.79E-005,8.44E-007,6.60E-004,1.85E-005,4.42E-004,7.38E-006,4.64E-005,3.83E-005,1.76E-004,4.05E-006,1.02E-007,6.15E-008,1.29E-007,3.44E-007,3.42E-009,3.26E-005,1.37E-008,1.41E-007,3.87E-008,1.48E-008,1.15E-005,5.42E-009,1.02E-008,9.62E-007,2.64E-008,3.79E-006,1.59E-007,7.22E-001,0.00E+000,1.78E-008,1.59E-007,9.92E-007,1.11E-005,3.86E-001
1.83E+003,1.23E-003,9.09E-005,2.83E-004,2.66E-002,1.24E-003,1.01E-001,2.76E-005,5.47E-007,6.88E-007,2.46E-006,2.46E-005,1.93E-006,6.22E-004,1.70E-003,4.53E-002,9.70E-002,2.39E-005,3.14E-004,4.88E-006,6.84E-007,1.44E-005,8.04E-007,5.16E-004,1.48E-005,3.09E-004,4.45E-006,2.56E-005,3.55E-005,1.42E-004,3.51E-006,1.12E-007,6.38E-008,1.22E-007,2.96E-007,3.85E-009,3.35E-005,1.26E-008,1.49E-007,3.96E-008,1.63E-008,1.08E-005,4.62E-009,1.03E-008,8.55E-007,2.68E-008,3.48E-006,1.71E-007,7.24E-001,0.00E+000,9.21E-009,7.10E-008,8.49E-007,8.53E-006,3.76E-001
1.83E+003,1.16E-003,1.00E-004,3.76E-004,2.72E-002,1.48E-003,1.01E-001,2.56E-005,4.90E-007,6.98E-007,2.32E-006,2.09E-005,1.68E-006,4.60E-004,1.21E-003,4.36E-002,9.79E-002,2.27E-005,2.64E-004,4.25E-006,5.25E-007,1.12E-005,7.13E-007,3.86E-004,1.12E-005,2.08E-004,2.51E-006,1.34E-005,3.14E-005,1.12E-004,2.90E-006,1.15E-007,6.42E-008,1.12E-007,2.51E-007,4.24E-009,3.43E-005,1.19E-008,1.59E-007,3.98E-008,1.70E-008,9.99E-006,3.56E-009,9.62E-009,7.43E-007,2.66E-008,3.15E-006,1.79E-007,7.25E-001,0.00E+000,4.37E-009,2.97E-008,7.00E-007,6.25E-006,3.67E-001
1.83E+003,1.07E-003,1.08E-004,4.92E-004,2.82E-002,1.73E-003,1.00E-001,2.34E-005,4.48E-007,6.32E-007,2.00E-006,1.65E-005,1.36E-006,3.23E-004,8.40E-004,4.17E-002,9.86E-002,2.02E-005,2.12E-004,3.45E-006,3.87E-007,8.36E-006,5.84E-007,2.73E-004,7.89E-006,1.33E-004,1.31E-006,6.53E-006,2.61E-005,8.57E-005,2.26E-006,1.10E-007,6.27E-008,1.00E-007,2.08E-007,4.59E-009,3.51E-005,1.16E-008,1.71E-007,3.93E-008,1.68E-008,9.01E-006,2.45E-009,8.34E-009,6.29E-007,2.57E-008,2.80E-006,1.83E-007,7.26E-001,0.00E+000,1.86E-009,1.14E-008,5.49E-007,4.33E-006,3.57E-001
1.82E+003,9.88E-004,1.15E-004,6.29E-004,2.98E-002,1.98E-003,9.95E-002,2.13E-005,4.24E-007,5.09E-007,1.57E-006,1.21E-005,1.03E-006,2.14E-004,5.66E-004,3.95E-002,9.91E-002,1.69E-005,1.62E-004,2.62E-006,2.74E-007,5.98E-006,4.39E-007,1.82E-004,5.21E-006,8.09E-005,6.25E-007,2.97E-006,2.03E-005,6.28E-005,1.65E-006,9.78E-008,5.93E-008,8.62E-008,1.68E-007,4.87E-009,3.57E-005,1.16E-008,1.84E-007,3.80E-008,1.57E-008,7.96E-006,1.52E-009,6.67E-009,5.17E-007,2.41E-008,2.45E-006,1.80E-007,7.27E-001,0.00E+000,7.15E-010,4.03E-009,4.07E-007,2.83E-006,3.48E-001
1.81E+003,9.02E-004,1.21E-004,7.83E-004,3.19E-002,2.23E-003,9.86E-002,1.95E-005,4.19E-007,3.64E-007,1.12E-006,8.23E-006,7.22E-007,1.35E-004,3.71E-004,3.71E-002,9.94E-002,1.32E-005,1.18E-004,1.85E-006,1.85E-007,4.10E-006,3.01E-007,1.14E-004,3.22E-006,4.69E-005,2.76E-007,1.26E-006,1.47E-005,4.42E-005,1.13E-006,8.19E-008,5.43E-008,7.19E-008,1.33E-007,5.08E-009,3.62E-005,1.19E-008,1.99E-007,3.57E-008,1.41E-008,6.89E-006,8.67E-010,4.91E-009,4.11E-007,2.20E-008,2.10E-006,1.72E-007,7.28E-001,0.00E+000,2.47E-010,1.31E-009,2.85E-007,1.74E-006,3.38E-001
1.80E+003,8.17E-004,1.25E-004,9.47E-004,3.44E-002,2.44E-003,9.75E-002,1.80E-005,4.33E-007,2.32E-007,7.25E-007,5.22E-006,4.71E-007,8.11E-005,2.37E-004,3.46E-002,9.93E-002,9.55E-006,8.05E-005,1.22E-006,1.20E-007,2.69E-006,1.90E-007,6.71E-005,1.86E-006,2.60E-005,1.13E-007,4.98E-007,9.84E-006,2.99E-005,7.19E-007,6.53E-008,4.81E-008,5.81E-008,1.03E-007,5.21E-009,3.64E-005,1.25E-008,2.15E-007,3.28E-008,1.20E-008,5.85E-006,4.65E-010,3.34E-009,3.18E-007,1.95E-008,1.77E-006,1.59E-007,7.29E-001,0.00E+000,7.76E-011,3.97E-010,1.88E-007,1.01E-006,3.28E-001
1.78E+003,7.37E-004,1.28E-004,1.11E-003,3.75E-002,2.62E-003,9.62E-002,1.71E-005,4.64E-007,1.33E-007,4.32E-007,3.11E-006,2.87E-007,4.67E-005,1.47E-004,3.20E-002,9.90E-002,6.47E-006,5.24E-005,7.53E-007,7.54E-008,1.69E-006,1.09E-007,3.74E-005,1.02E-006,1.38E-005,4.34E-008,1.86E-007,6.11E-006,1.94E-005,4.30E-007,5.00E-008,4.14E-008,4.56E-008,7.81E-008,5.25E-009,3.65E-005,1.33E-008,2.33E-007,2.93E-008,9.84E-009,4.89E-006,2.46E-010,2.10E-009,2.38E-007,1.68E-008,1.47E-006,1.42E-007,7.30E-001,0.00E+000,2.23E-011,1.12E-010,1.17E-007,5.52E-007,3.18E-001
1.76E+003,6.62E-004,1.28E-004,1.27E-003,4.10E-002,2.76E-003,9.48E-002,1.67E-005,5.09E-007,6.89E-008,2.39E-007,1.74E-006,1.65E-007,2.59E-005,9.00E-005,2.95E-002,9.82E-002,4.12E-006,3.25E-005,4.39E-007,4.57E-008,1.03E-006,5.82E-008,1.97E-005,5.24E-007,7.07E-006,1.59E-008,6.57E-008,3.54E-006,1.21E-005,2.41E-007,3.74E-008,3.48E-008,3.49E-008,5.82E-008,5.21E-009,3.63E-005,1.44E-008,2.51E-007,2.57E-008,7.79E-009,4.03E-006,1.35E-010,1.24E-009,1.74E-007,1.41E-008,1.20E-006,1.24E-007,7.31E-001,0.00E+000,5.95E-012,2.99E-011,6.94E-008,2.88E-007,3.07E-001
1.74E+003,5.93E-004,1.27E-004,1.41E-003,4.50E-002,2.84E-003,9.31E-002,1.70E-005,5.68E-007,3.28E-008,1.23E-007,9.33E-007,9.05E-008,1.40E-005,5.40E-005,2.70E-002,9.71E-002,2.49E-006,1.94E-005,2.44E-007,2.69E-008,6.13E-007,2.87E-008,9.85E-006,2.57E-007,3.51E-006,5.64E-009,2.23E-008,1.92E-006,7.26E-006,1.28E-007,2.76E-008,2.85E-008,2.61E-008,4.27E-008,5.09E-009,3.60E-005,1.57E-008,2.69E-007,2.21E-008,5.97E-009,3.28E-006,8.21E-011,6.85E-010,1.24E-007,1.16E-008,9.72E-007,1.05E-007,7.33E-001,0.00E+000,1.49E-012,7.62E-012,3.93E-008,1.44E-007,2.97E-001
1.72E+003,5.30E-004,1.25E-004,1.53E-003,4.95E-002,2.88E-003,9.14E-002,1.77E-005,6.37E-007,1.45E-008,6.02E-008,4.80E-007,4.76E-008,7.43E-006,3.20E-005,2.46E-002,9.56E-002,1.44E-006,1.13E-005,1.31E-007,1.56E-008,3.57E-007,1.32E-008,4.71E-006,1.21E-007,1.70E-006,1.97E-009,7.28E-009,9.81E-007,4.23E-006,6.42E-008,2.03E-008,2.30E-008,1.92E-008,3.09E-008,4.91E-009,3.54E-005,1.72E-008,2.87E-007,1.88E-008,4.46E-009,2.65E-006,5.59E-011,3.61E-010,8.64E-008,9.32E-009,7.79E-007,8.69E-008,7.34E-001,0.00E+000,3.54E-013,1.87E-012,2.14E-008,6.97E-008,2.87E-001
1.70E+003,4.74E-004,1.21E-004,1.63E-003,5.43E-002,2.87E-003,8.95E-002,1.90E-005,7.18E-007,6.06E-009,2.81E-008,2.40E-007,2.43E-008,3.89E-006,1.88E-005,2.24E-002,9.37E-002,8.13E-007,6.39E-006,6.77E-008,8.85E-009,2.06E-007,5.70E-009,2.16E-006,5.45E-008,8.06E-007,6.99E-010,2.33E-009,4.78E-007,2.39E-006,3.08E-008,1.48E-008,1.83E-008,1.39E-008,2.22E-008,4.67E-009,3.47E-005,1.87E-008,3.04E-007,1.58E-008,3.25E-009,2.13E-006,4.19E-011,1.82E-010,5.93E-008,7.40E-009,6.20E-007,7.07E-008,7.35E-001,0.00E+000,8.10E-014,4.50E-013,1.13E-008,3.27E-008,2.76E-001
1.67E+003,4.23E-004,1.16E-004,1.71E-003,5.96E-002,2.81E-003,8.74E-002,2.06E-005,8.12E-007,2.41E-009,1.26E-008,1.17E-007,1.21E-008,2.02E-006,1.10E-005,2.03E-002,9.15E-002,4.51E-007,3.57E-006,3.43E-008,4.99E-009,1.18E-007,2.32E-009,9.60E-007,2.37E-008,3.75E-007,2.55E-010,7.33E-010,2.23E-007,1.32E-006,1.42E-008,1.08E-008,1.44E-008,9.92E-009,1.58E-008,4.39E-009,3.37E-005,2.04E-008,3.20E-007,1.34E-008,2.31E-009,1.71E-006,3.36E-011,8.92E-011,4.02E-008,5.80E-009,4.91E-007,5.66E-008,7.36E-001,0.00E+000,1.81E-014,1.07E-013,5.79E-009,1.51E-008,2.65E-001
1.64E+003,3.77E-004,1.10E-004,1.76E-003,6.52E-002,2.72E-003,8.52E-002,2.26E-005,9.21E-007,9.22E-010,5.54E-009,5.64E-008,5.95E-009,1.05E-006,6.39E-006,1.83E-002,8.89E-002,2.49E-007,1.98E-006,1.70E-008,2.81E-009,6.78E-008,8.99E-010,4.13E-007,1.00E-008,1.73E-007,9.79E-011,2.30E-010,1.01E-007,7.15E-007,6.34E-009,7.87E-009,1.13E-008,7.05E-009,1.12E-008,4.07E-009,3.27E-005,2.22E-008,3.33E-007,1.14E-008,1.61E-009,1.37E-006,2.80E-011,4.27E-011,2.70E-008,4.50E-009,3.87E-007,4.47E-008,7.37E-001,0.00E+000,3.99E-015,2.52E-014,2.92E-009,6.82E-009,2.54E-001
1.62E+003,3.36E-004,1.03E-004,1.78E-003,7.11E-002,2.60E-003,8.29E-002,2.49E-005,1.05E-006,3.42E-010,2.38E-009,2.70E-008,2.89E-009,5.45E-007,3.74E-006,1.66E-002,8.60E-002,1.40E-007,1.10E-006,8.38E-009,1.59E-009,3.93E-008,3.32E-010,1.74E-007,4.13E-009,7.87E-008,3.96E-011,7.29E-011,4.44E-008,3.81E-007,2.76E-009,5.71E-009,8.79E-009,4.98E-009,7.88E-009,3.72E-009,3.15E-005,2.42E-008,3.45E-007,9.72E-009,1.11E-009,1.09E-006,2.39E-011,2.01E-011,1.80E-008,3.47E-009,3.06E-007,3.50E-008,7.38E-001,0.00E+000,8.82E-016,6.01E-015,1.45E-009,3.06E-009,2.43E-001
1.59E+003,3.00E-004,9.57E-005,1.77E-003,7.74E-002,2.44E-003,8.05E-002,2.75E-005,1.20E-006,1.24E-010,1.01E-009,1.29E-008,1.40E-009,2.84E-007,2.21E-006,1.49E-002,8.28E-002,8.09E-008,6.13E-007,4.09E-009,9.12E-010,2.31E-008,1.17E-010,7.20E-008,1.66E-009,3.57E-008,1.69E-011,2.36E-011,1.92E-008,2.01E-007,1.17E-009,4.12E-009,6.84E-009,3.51E-009,5.57E-009,3.35E-009,3.03E-005,2.63E-008,3.54E-007,8.42E-009,7.44E-010,8.79E-007,2.08E-011,9.40E-012,1.20E-008,2.66E-009,2.41E-007,2.72E-008,7.40E-001,0.00E+000,1.98E-016,1.47E-015,7.19E-010,1.37E-009,2.32E-001
1.55E+003,2.68E-004,8.79E-005,1.73E-003,8.39E-002,2.27E-003,7.80E-002,3.04E-005,1.39E-006,4.44E-011,4.23E-010,6.17E-009,6.75E-010,1.50E-007,1.32E-006,1.35E-002,7.94E-002,4.89E-008,3.45E-007,1.99E-009,5.31E-010,1.39E-008,4.00E-011,2.95E-008,6.55E-010,1.62E-008,7.60E-012,7.96E-012,8.24E-009,1.05E-007,4.94E-010,2.97E-009,5.32E-009,2.47E-009,3.95E-009,2.98E-009,2.89E-005,2.86E-008,3.59E-007,7.40E-009,4.92E-010,7.10E-007,1.83E-011,4.37E-012,7.94E-009,2.03E-009,1.91E-007,2.10E-008,7.41E-001,0.00E+000,4.56E-017,3.70E-016,3.56E-010,6.12E-010,2.21E-001
1.52E+003,2.39E-004,7.97E-005,1.67E-003,9.07E-002,2.08E-003,7.54E-002,3.36E-005,1.62E-006,1.56E-011,1.76E-010,2.97E-009,3.27E-010,7.97E-008,7.98E-007,1.21E-002,7.56E-002,3.12E-008,1.96E-007,9.75E-010,3.16E-010,8.51E-009,1.32E-011,1.20E-008,2.54E-010,7.41E-009,3.56E-012,2.83E-012,3.52E-009,5.48E-008,2.06E-010,2.13E-009,4.14E-009,1.74E-009,2.82E-009,2.61E-009,2.76E-005,3.12E-008,3.61E-007,6.60E-009,3.19E-010,5.79E-007,1.65E-011,2.03E-012,5.27E-009,1.54E-009,1.52E-007,1.61E-008,7.42E-001,0.00E+000,1.10E-017,9.77E-017,1.78E-010,2.76E-010,2.10E-001
1.48E+003,2.14E-004,7.14E-005,1.59E-003,9.77E-002,1.88E-003,7.26E-002,3.73E-005,1.92E-006,5.44E-012,7.34E-011,1.44E-009,1.59E-010,4.31E-008,4.94E-007,1.09E-002,7.17E-002,2.11E-008,1.14E-007,4.80E-010,1.93E-010,5.38E-009,4.23E-012,4.91E-009,9.68E-011,3.41E-009,1.73E-012,1.09E-012,1.50E-009,2.87E-008,8.64E-011,1.52E-009,3.22E-009,1.24E-009,2.03E-009,2.24E-009,2.61E-005,3.42E-008,3.58E-007,5.97E-009,2.04E-010,4.76E-007,1.51E-011,9.43E-013,3.51E-009,1.18E-009,1.22E-007,1.23E-008,7.43E-001,0.00E+000,2.79E-018,2.75E-017,9.03E-011,1.26E-010,1.99E-001
1.44E+003,1.92E-004,6.31E-005,1.48E-003,1.05E-001,1.67E-003,6.98E-002,4.14E-005,2.32E-006,1.87E-012,3.04E-011,7.10E-010,7.80E-011,2.37E-008,3.14E-007,9.79E-003,6.76E-002,1.50E-008,6.73E-008,2.39E-010,1.23E-010,3.53E-009,1.32E-012,2.03E-009,3.65E-011,1.60E-009,8.73E-013,4.64E-013,6.45E-010,1.51E-008,3.65E-011,1.08E-009,2.50E-009,8.81E-010,1.48E-009,1.89E-009,2.46E-005,3.76E-008,3.51E-007,5.48E-009,1.27E-010,3.96E-007,1.42E-011,4.40E-013,2.35E-009,8.95E-010,9.88E-008,9.40E-009,7.45E-001,0.00E+000,7.67E-019,8.37E-018,4.70E-011,5.88E-011,1.88E-001
1.40E+003,1.73E-004,5.49E-005,1.35E-003,1.12E-001,1.46E-003,6.68E-002,4.60E-005,2.88E-006,6.35E-013,1.26E-011,3.54E-010,3.87E-011,1.34E-008,2.06E-007,8.80E-003,6.33E-002,1.11E-008,4.07E-008,1.21E-010,8.14E-011,2.41E-009,4.05E-013,8.58E-010,1.37E-011,7.65E-010,4.58E-013,2.22E-013,2.80E-010,7.99E-009,1.57E-011,7.59E-010,1.94E-009,6.33E-010,1.10E-009,1.56E-009,2.31E-005,4.17E-008,3.40E-007,5.10E-009,7.80E-011,3.34E-007,1.38E-011,2.06E-013,1.58E-009,6.83E-010,8.07E-008,7.15E-009,7.46E-001,0.00E+000,2.31E-019,2.80E-018,2.53E-011,2.81E-011,1.77E-001
1.36E+003,1.57E-004,4.70E-005,1.20E-003,1.20E-001,1.26E-003,6.37E-002,5.11E-005,3.67E-006,2.13E-013,5.25E-012,1.80E-010,1.95E-011,7.71E-009,1.40E-007,7.90E-003,5.90E-002,8.34E-009,2.53E-008,6.23E-011,5.68E-011,1.73E-009,1.22E-013,3.73E-010,5.10E-012,3.76E-010,2.50E-013,1.20E-013,1.23E-010,4.30E-009,6.95E-012,5.29E-010,1.49E-009,4.58E-010,8.22E-010,1.25E-009,2.16E-005,4.69E-008,3.26E-007,4.81E-009,4.66E-011,2.85E-007,1.37E-011,9.68E-014,1.08E-009,5.21E-010,6.67E-008,5.41E-009,7.47E-001,0.00E+000,7.71E-020,1.04E-018,1.42E-011,1.39E-011,1.65E-001
1.31E+003,1.43E-004,3.95E-005,1.05E-003,1.27E-001,1.07E-003,6.05E-002,5.70E-005,4.80E-006,7.05E-014,2.18E-012,9.28E-011,9.94E-012,4.58E-009,9.84E-008,7.09E-003,5.45E-002,6.32E-009,1.62E-008,3.30E-011,4.21E-011,1.31E-009,3.66E-014,1.69E-010,1.90E-012,1.91E-010,1.43E-013,7.46E-014,5.44E-011,2.36E-009,3.18E-012,3.63E-010,1.13E-009,3.34E-010,6.28E-010,9.81E-010,2.01E-005,5.34E-008,3.07E-007,4.58E-009,2.70E-011,2.46E-007,1.41E-011,4.57E-014,7.44E-010,3.99E-010,5.58E-008,4.07E-009,7.48E-001,0.00E+000,2.91E-020,4.39E-019,8.39E-012,7.12E-012,1.54E-001
1.26E+003,1.31E-004,3.24E-005,8.81E-004,1.35E-001,8.90E-004,5.72E-002,6.36E-005,6.39E-006,2.28E-014,9.05E-013,4.89E-011,5.17E-012,2.80E-009,7.23E-008,6.36E-003,5.01E-002,4.75E-009,1.07E-008,1.80E-011,3.34E-011,1.05E-009,1.09E-014,8.07E-011,7.17E-013,1.01E-010,8.63E-014,5.23E-014,2.44E-011,1.32E-009,1.52E-012,2.44E-010,8.42E-010,2.45E-010,4.89E-010,7.42E-010,1.86E-005,6.22E-008,2.86E-007,4.42E-009,1.52E-011,2.14E-007,1.51E-011,2.17E-014,5.21E-010,3.06E-010,4.71E-008,3.03E-009,7.49E-001,0.00E+000,1.25E-020,2.11E-019,5.24E-012,3.83E-012,1.43E-001
1.21E+003,1.21E-004,2.59E-005,7.17E-004,1.43E-001,7.32E-004,5.38E-002,7.11E-005,8.49E-006,7.21E-015,3.74E-013,2.63E-011,2.74E-012,1.76E-009,5.52E-008,5.69E-003,4.56E-002,3.51E-009,7.26E-009,1.01E-011,2.85E-011,8.96E-010,3.26E-015,4.10E-011,2.74E-013,5.62E-011,5.49E-014,4.11E-014,1.11E-011,7.56E-010,7.67E-013,1.59E-010,6.13E-010,1.82E-010,3.87E-010,5.39E-010,1.71E-005,7.45E-008,2.64E-007,4.30E-009,8.22E-012,1.88E-007,1.69E-011,1.03E-014,3.73E-010,2.36E-010,4.01E-008,2.22E-009,7.50E-001,0.00E+000,6.21E-021,1.16E-019,3.47E-012,2.16E-012,1.32E-001
1.16E+003,1.12E-004,2.01E-005,5.61E-004,1.50E-001,5.95E-004,5.03E-002,7.95E-005,1.10E-005,2.19E-015,1.52E-013,1.44E-011,1.48E-012,1.14E-009,4.38E-008,5.08E-003,4.12E-002,2.52E-009,5.07E-009,5.79E-012,2.63E-011,8.12E-010,9.79E-016,2.25E-011,1.07E-013,3.29E-011,3.70E-014,3.55E-014,5.06E-012,4.45E-010,4.10E-013,1.01E-010,4.33E-010,1.35E-010,3.12E-010,3.74E-010,1.56E-005,9.29E-008,2.39E-007,4.22E-009,4.26E-012,1.66E-007,1.96E-011,4.85E-015,2.73E-010,1.84E-010,3.44E-008,1.60E-009,7.52E-001,0.00E+000,3.56E-021,7.33E-020,2.43E-012,1.28E-012,1.21E-001
1.10E+003,1.04E-004,1.50E-005,4.20E-004,1.58E-001,4.77E-004,4.68E-002,8.88E-005,1.37E-005,6.28E-016,6.07E-014,7.94E-012,8.04E-013,7.47E-010,3.58E-008,4.52E-003,3.69E-002,1.74E-009,3.62E-009,3.36E-012,2.60E-011,7.71E-010,2.96E-016,1.33E-011,4.29E-014,2.04E-011,2.63E-014,3.27E-014,2.33E-012,2.69E-010,2.34E-013,6.17E-011,2.96E-010,1.00E-010,2.55E-010,2.45E-010,1.41E-005,1.22E-007,2.15E-007,4.16E-009,2.10E-012,1.46E-007,2.40E-011,2.25E-015,2.05E-010,1.44E-010,2.96E-008,1.13E-009,7.53E-001,0.00E+000,2.35E-021,5.21E-020,1.78E-012,8.04E-013,1.10E-001
1.04E+003,9.62E-005,1.07E-005,2.99E-004,1.65E-001,3.77E-004,4.31E-002,9.86E-005,1.63E-005,1.66E-016,2.32E-014,4.41E-012,4.40E-013,4.97E-010,2.99E-008,4.00E-003,3.27E-002,1.14E-009,2.63E-009,1.93E-012,2.75E-011,7.54E-010,8.97E-017,8.60E-012,1.77E-014,1.35E-011,1.95E-014,3.11E-014,1.07E-012,1.67E-010,1.44E-013,3.61E-011,1.94E-010,7.44E-011,2.12E-010,1.49E-010,1.26E-005,1.69E-007,1.90E-007,4.11E-009,9.76E-013,1.29E-007,3.10E-011,1.02E-015,1.58E-010,1.15E-010,2.55E-008,7.80E-010,7.54E-001,0.00E+000,1.76E-021,4.07E-020,1.35E-012,5.26E-013,9.98E-002
9.75E+002,8.91E-005,7.16E-006,2.04E-004,1.73E-001,2.93E-004,3.95E-002,1.08E-004,1.85E-005,3.88E-017,8.28E-015,2.42E-012,2.38E-013,3.32E-010,2.55E-008,3.52E-003,2.87E-002,7.00E-010,1.93E-009,1.08E-012,3.07E-011,7.42E-010,2.66E-017,6.00E-012,7.46E-015,9.43E-012,1.49E-014,2.95E-014,4.93E-013,1.07E-010,9.43E-014,2.02E-011,1.22E-010,5.48E-011,1.78E-010,8.33E-011,1.12E-005,2.48E-007,1.66E-007,4.03E-009,4.19E-013,1.12E-007,4.23E-011,4.37E-016,1.25E-010,9.24E-011,2.19E-008,5.28E-010,7.55E-001,0.00E+000,1.46E-021,3.35E-020,1.04E-012,3.55E-013,8.94E-002
9.11E+002,8.22E-005,4.47E-006,1.32E-004,1.80E-001,2.22E-004,3.58E-002,1.16E-004,2.00E-005,7.69E-018,2.68E-015,1.29E-012,1.25E-013,2.19E-010,2.19E-008,3.07E-003,2.48E-002,3.98E-010,1.43E-009,5.81E-013,3.54E-011,7.22E-010,7.44E-018,4.45E-012,3.15E-015,6.92E-012,1.15E-014,2.72E-014,2.25E-013,7.06E-011,6.60E-014,1.08E-011,7.31E-011,4.00E-011,1.50E-010,4.18E-011,9.78E-006,3.76E-007,1.43E-007,3.87E-009,1.62E-013,9.73E-008,5.93E-011,1.73E-016,1.00E-010,7.55E-011,1.87E-008,3.52E-010,7.56E-001,0.00E+000,1.25E-021,2.82E-020,7.98E-013,2.45E-013,7.93E-002
8.45E+002,7.53E-005,2.56E-006,8.21E-005,1.87E-001,1.62E-004,3.21E-002,1.20E-004,2.07E-005,1.22E-018,7.50E-016,6.51E-013,6.24E-014,1.41E-010,1.88E-008,2.65E-003,2.11E-002,2.06E-010,1.07E-009,2.97E-013,4.03E-011,6.82E-010,1.88E-018,3.45E-012,1.30E-015,5.28E-012,8.64E-015,2.40E-014,1.01E-013,4.80E-011,4.87E-014,5.51E-012,4.22E-011,2.89E-011,1.28E-010,1.83E-011,8.37E-006,5.68E-007,1.22E-007,3.58E-009,5.47E-014,8.31E-008,7.99E-011,6.07E-017,8.16E-011,6.20E-011,1.58E-008,2.32E-010,7.57E-001,0.00E+000,1.02E-021,2.34E-020,5.88E-013,1.70E-013,6.95E-002
7.79E+002,6.85E-005,1.31E-006,4.94E-005,1.93E-001,1.13E-004,2.84E-002,1.16E-004,2.04E-005,1.44E-019,1.74E-016,3.03E-013,2.86E-014,8.79E-011,1.61E-008,2.26E-003,1.76E-002,9.41E-011,7.96E-010,1.44E-013,4.33E-011,6.21E-010,4.11E-019,2.74E-012,5.03E-016,4.11E-012,6.07E-015,2.01E-014,4.41E-014,3.36E-011,3.71E-014,2.72E-012,2.33E-011,2.09E-011,1.08E-010,6.82E-012,6.99E-006,8.19E-007,1.02E-007,3.13E-009,1.56E-014,6.98E-008,9.73E-011,1.80E-017,6.65E-011,5.09E-011,1.31E-008,1.52E-010,7.58E-001,0.00E+000,7.44E-022,1.89E-020,4.01E-013,1.18E-013,6.02E-002
7.13E+002,6.17E-005,5.86E-007,2.92E-005,1.99E-001,7.49E-005,2.48E-002,1.04E-004,1.94E-005,1.20E-020,3.22E-017,1.29E-013,1.19E-014,5.21E-011,1.36E-008,1.90E-003,1.45E-002,3.72E-011,5.92E-010,6.62E-014,4.16E-011,5.43E-010,7.41E-020,2.18E-012,1.79E-016,3.23E-012,3.79E-015,1.61E-014,1.87E-014,2.40E-011,2.87E-014,1.32E-012,1.23E-011,1.51E-011,9.17E-011,2.09E-012,5.66E-006,1.08E-006,8.31E-008,2.55E-009,3.68E-015,5.76E-008,1.03E-010,4.34E-018,5.38E-011,4.14E-011,1.07E-008,9.96E-011,7.59E-001,0.00E+000,4.81E-022,1.46E-020,2.42E-013,8.03E-014,5.13E-002
6.49E+002,5.51E-005,2.23E-007,1.72E-005,2.05E-001,4.77E-005,2.12E-002,8.42E-005,1.76E-005,6.67E-022,4.62E-018,4.96E-014,4.46E-015,2.93E-011,1.14E-008,1.57E-003,1.16E-002,1.23E-011,4.38E-010,2.93E-014,3.49E-011,4.55E-010,1.08E-020,1.73E-012,5.80E-017,2.53E-012,2.00E-015,1.24E-014,7.63E-015,1.74E-011,2.20E-014,6.37E-013,6.20E-012,1.09E-011,7.67E-011,5.04E-013,4.45E-006,1.29E-006,6.64E-008,1.93E-009,7.02E-016,4.63E-008,9.67E-011,8.27E-019,4.28E-011,3.30E-011,8.57E-009,6.50E-011,7.60E-001,0.00E+000,2.82E-022,1.08E-020,1.22E-013,5.39E-014,4.29E-002
5.87E+002,4.87E-005,7.05E-008,1.02E-005,2.10E-001,2.96E-005,1.78E-002,6.15E-005,1.53E-005,2.40E-023,5.13E-019,1.79E-014,1.55E-015,1.58E-011,9.36E-009,1.27E-003,9.01E-003,3.32E-012,3.19E-010,1.27E-014,2.56E-011,3.65E-010,1.27E-021,1.35E-012,1.71E-017,1.94E-012,8.70E-016,9.37E-015,3.01E-015,1.26E-011,1.66E-014,3.18E-013,2.95E-012,7.98E-012,6.32E-011,9.28E-014,3.40E-006,1.36E-006,5.15E-008,1.38E-009,1.08E-016,3.63E-008,8.15E-011,1.23E-019,3.32E-011,2.56E-011,6.66E-009,4.20E-011,7.61E-001,0.00E+000,1.55E-022,7.74E-021,4.93E-014,3.54E-014,3.51E-002
5.31E+002,4.25E-005,1.85E-008,6.17E-006,2.15E-001,1.84E-005,1.46E-002,4.12E-005,1.28E-005,5.85E-025,4.62E-020,6.21E-015,5.13E-016,8.15E-012,7.52E-009,1.00E-003,6.81E-003,7.28E-013,2.29E-010,5.45E-015,1.67E-011,2.81E-010,1.24E-022,1.02E-012,4.79E-018,1.46E-012,3.21E-016,6.87E-015,1.16E-015,8.96E-012,1.22E-014,1.68E-013,1.34E-012,5.85E-012,5.10E-011,1.30E-014,2.55E-006,1.29E-006,3.88E-008,9.48E-010,1.39E-017,2.76E-008,6.37E-011,1.49E-020,2.50E-011,1.93E-011,5.02E-009,2.68E-011,7.62E-001,0.00E+000,8.14E-023,5.33E-021,1.56E-014,2.29E-014,2.81E-002
4.79E+002,3.67E-005,4.25E-009,3.82E-006,2.19E-001,1.15E-005,1.16E-002,2.58E-005,1.03E-005,1.11E-026,3.65E-021,2.12E-015,1.65E-016,4.08E-012,5.88E-009,7.70E-004,4.96E-003,1.40E-013,1.60E-010,2.34E-015,9.84E-012,2.07E-010,1.02E-023,7.51E-013,1.30E-018,1.06E-012,1.08E-016,4.88E-015,4.36E-016,6.20E-012,8.57E-015,9.42E-014,5.76E-013,4.29E-012,4.01E-011,1.48E-015,1.86E-006,1.11E-006,2.82E-008,6.36E-010,1.49E-018,2.02E-008,4.71E-011,1.57E-021,1.82E-011,1.40E-011,3.65E-009,1.68E-011,7.63E-001,0.00E+000,4.15E-023,3.52E-021,3.99E-015,1.44E-014,2.18E-002
4.34E+002,3.13E-005,1.01E-009,2.41E-006,2.23E-001,7.22E-006,8.95E-003,1.57E-005,7.92E-006,2.22E-028,2.97E-022,7.16E-016,5.21E-017,2.00E-012,4.45E-009,5.71E-004,3.46E-003,2.80E-014,1.08E-010,9.97E-016,5.33E-012,1.46E-010,7.35E-025,5.31E-013,3.45E-019,7.45E-013,3.58E-017,3.33E-015,1.58E-016,4.12E-012,5.76E-015,5.60E-014,2.37E-013,3.13E-012,3.06E-011,1.62E-016,1.33E-006,8.80E-007,1.96E-008,4.20E-010,1.39E-019,1.41E-008,3.31E-011,1.66E-022,1.27E-011,9.79E-012,2.55E-009,1.02E-011,7.64E-001,0.00E+000,2.05E-023,2.22E-021,9.19E-016,8.80E-015,1.64E-002
3.96E+002,2.63E-005,2.80E-010,1.55E-006,2.26E-001,4.60E-006,6.65E-003,9.35E-006,5.82E-006,6.15E-030,2.84E-023,2.40E-016,1.62E-017,9.64E-013,3.25E-009,4.08E-004,2.31E-003,6.67E-015,6.98E-011,4.19E-016,2.67E-012,9.73E-011,5.04E-026,3.59E-013,9.10E-020,4.99E-013,1.24E-017,2.17E-015,5.50E-017,2.61E-012,3.68E-015,3.46E-014,9.41E-014,2.26E-012,2.24E-011,2.03E-017,9.21E-007,6.49E-007,1.31E-008,2.72E-010,1.21E-020,9.45E-009,2.21E-011,2.01E-023,8.45E-012,6.52E-012,1.69E-009,6.09E-012,7.65E-001,0.00E+000,9.83E-024,1.32E-021,2.18E-016,5.17E-015,1.19E-002
3.66E+002,2.18E-005,9.02E-011,1.01E-006,2.28E-001,2.95E-006,4.74E-003,5.52E-006,4.09E-006,2.30E-031,3.13E-024,8.08E-017,5.07E-018,4.68E-013,2.28E-009,2.80E-004,1.47E-003,1.84E-015,4.33E-011,1.72E-016,1.25E-012,6.16E-011,3.66E-027,2.32E-013,2.41E-020,3.18E-013,4.53E-018,1.35E-015,1.85E-017,1.57E-012,2.22E-015,2.19E-014,3.65E-014,1.61E-012,1.58E-011,3.00E-018,6.17E-007,4.47E-007,8.26E-009,1.73E-010,1.07E-021,5.99E-009,1.40E-011,2.69E-024,5.35E-012,4.13E-012,1.07E-009,3.52E-012,7.65E-001,0.00E+000,4.58E-024,7.42E-022,5.69E-017,2.92E-015,8.32E-003
3.42E+002,1.78E-005,3.16E-011,6.61E-007,2.30E-001,1.90E-006,3.23E-003,3.23E-006,2.73E-006,1.03E-032,3.82E-025,2.74E-017,1.61E-018,2.31E-013,1.54E-009,1.84E-004,8.82E-004,5.50E-016,2.56E-011,6.80E-017,5.42E-013,3.69E-011,3.12E-028,1.42E-013,6.54E-021,1.93E-013,1.71E-018,7.91E-016,6.04E-018,8.89E-013,1.26E-015,1.40E-014,1.41E-014,1.13E-012,1.07E-011,5.22E-019,3.98E-007,2.88E-007,4.95E-009,1.07E-010,1.07E-022,3.60E-009,8.37E-012,3.83E-025,3.21E-012,2.48E-012,6.45E-010,1.97E-012,7.66E-001,0.00E+000,2.08E-024,3.91E-022,1.58E-017,1.57E-015,5.57E-003
3.25E+002,1.42E-005,1.16E-011,4.34E-007,2.31E-001,1.23E-006,2.10E-003,1.87E-006,1.74E-006,5.15E-034,5.03E-026,9.40E-018,5.23E-019,1.17E-013,9.94E-010,1.15E-004,5.04E-004,1.71E-016,1.45E-011,2.56E-017,2.21E-013,2.09E-011,3.37E-029,8.30E-014,1.81E-021,1.11E-013,6.55E-019,4.40E-016,1.90E-018,4.76E-013,6.76E-016,8.91E-015,5.48E-015,7.79E-013,6.88E-012,1.07E-019,2.47E-007,1.75E-007,2.82E-009,6.46E-011,1.30E-023,2.04E-009,4.74E-012,5.64E-026,1.83E-012,1.41E-012,3.67E-010,1.07E-012,7.66E-001,0.00E+000,9.23E-025,1.94E-022,4.50E-018,8.08E-016,3.58E-003
3.13E+002,1.11E-005,4.32E-012,2.82E-007,2.32E-001,7.91E-007,1.31E-003,1.06E-006,1.06E-006,2.77E-035,7.01E-027,3.23E-018,1.72E-019,6.07E-014,6.14E-010,6.94E-005,2.73E-004,5.29E-017,7.76E-012,9.02E-018,8.44E-014,1.12E-011,4.66E-030,4.60E-014,5.13E-022,6.06E-014,2.47E-019,2.32E-016,5.76E-019,2.41E-013,3.42E-016,5.59E-015,2.15E-015,5.23E-013,4.24E-012,2.57E-020,1.47E-007,1.00E-007,1.52E-009,3.77E-011,1.93E-024,1.10E-009,2.54E-012,8.49E-027,9.91E-013,7.65E-013,1.99E-010,5.58E-013,7.67E-001,0.00E+000,3.98E-025,9.06E-023,1.29E-018,3.97E-016,2.20E-003
3.05E+002,8.44E-006,1.60E-012,1.79E-007,2.32E-001,4.99E-007,7.76E-004,5.88E-007,6.09E-007,1.50E-036,1.00E-027,1.09E-018,5.66E-020,3.19E-014,3.63E-010,3.98E-005,1.40E-004,1.59E-017,3.96E-012,2.95E-018,3.05E-014,5.72E-012,7.99E-031,2.43E-014,1.44E-022,3.14E-014,9.03E-020,1.16E-016,1.66E-019,1.15E-013,1.64E-016,3.43E-015,8.42E-016,3.41E-013,2.49E-012,6.96E-021,8.40E-008,5.42E-008,7.79E-010,2.12E-011,3.43E-025,5.60E-010,1.29E-012,1.28E-027,5.09E-013,3.92E-013,1.02E-010,2.81E-013,7.67E-001,0.00E+000,1.67E-025,3.99E-023,3.66E-019,1.86E-016,1.29E-003
3.00E+002,6.13E-006,5.66E-013,1.10E-007,2.33E-001,3.04E-007,4.36E-004,3.14E-007,3.32E-007,7.39E-038,1.40E-028,3.52E-019,1.79E-020,1.66E-014,2.03E-010,2.16E-005,6.83E-005,4.46E-018,1.91E-012,8.75E-019,1.04E-014,2.75E-012,1.57E-031,1.21E-014,3.92E-023,1.54E-014,3.14E-020,5.48E-017,4.42E-020,5.19E-014,7.38E-017,2.02E-015,3.21E-016,2.13E-013,1.39E-012,2.01E-021,4.54E-008,2.76E-008,3.77E-010,1.14E-011,6.82E-026,2.69E-010,6.17E-013,1.84E-028,2.47E-013,1.90E-013,4.95E-011,1.35E-013,7.67E-001,0.00E+000,6.71E-026,1.65E-023,9.95E-020,8.25E-017,7.22E-004
2.97E+002,4.17E-006,1.82E-013,6.39E-008,2.33E-001,1.75E-007,2.28E-004,1.58E-007,1.69E-007,1.35E-039,1.77E-029,1.03E-019,5.17E-021,8.37E-015,1.06E-010,1.10E-005,3.10E-005,1.12E-018,8.63E-013,2.28E-019,3.37E-015,1.23E-012,3.22E-032,5.63E-015,9.72E-024,7.06E-015,1.03E-020,2.41E-017,1.05E-020,2.19E-014,3.11E-017,1.13E-015,1.15E-016,1.25E-013,7.19E-013,5.67E-022,2.30E-008,1.31E-008,1.71E-010,5.73E-012,1.38E-026,1.21E-010,2.76E-013,2.38E-029,1.12E-013,8.63E-014,2.24E-011,6.07E-014,7.67E-001,0.00E+000,2.56E-026,6.40E-024,2.48E-020,3.44E-017,3.76E-004
2.96E+002,2.53E-006,4.77E-014,3.31E-008,2.33E-001,9.03E-008,1.07E-004,7.16E-008,7.67E-008,1.59E-039,1.75E-030,2.45E-020,1.22E-021,3.85E-015,4.96E-011,4.99E-006,1.26E-005,2.29E-019,3.50E-013,4.75E-020,1.01E-015,4.96E-013,5.91E-033,2.35E-015,1.99E-024,2.90E-015,3.08E-021,9.58E-018,2.05E-021,8.29E-015,1.18E-017,5.62E-016,3.73E-017,6.53E-014,3.34E-013,1.38E-022,1.04E-008,5.58E-009,6.93E-011,2.59E-012,2.49E-027,4.88E-011,1.11E-013,2.38E-030,4.55E-014,3.51E-014,9.13E-012,2.47E-014,7.67E-001,0.00E+000,8.91E-027,2.24E-024,5.15E-021,1.30E-017,1.75E-004
2.95E+002,1.16E-006,7.58E-015,1.32E-008,2.33E-001,3.57E-008,3.84E-005,2.51E-008,2.68E-008,9.19E-041,8.36E-032,3.48E-021,1.73E-022,1.38E-015,1.78E-011,1.75E-006,4.01E-006,2.80E-020,1.11E-013,5.91E-021,2.55E-016,1.55E-013,6.92E-034,7.63E-016,2.46E-025,9.27E-016,7.62E-022,2.96E-018,2.41E-022,2.46E-015,3.50E-018,2.16E-016,9.63E-018,2.61E-014,1.19E-013,2.10E-023,3.63E-009,1.84E-009,2.19E-011,9.04E-013,2.85E-028,1.53E-011,3.47E-014,1.15E-031,1.44E-014,1.11E-014,2.89E-012,7.81E-015,7.67E-001,0.00E+000,2.46E-027,6.18E-025,6.81E-022,3.82E-018,6.27E-005
2.94E+002,5.16E-008,1.16E-016,4.98E-010,2.33E-001,1.34E-009,1.31E-006,8.32E-010,8.88E-010,7.10E-041,1.86E-035,1.50E-023,2.31E-025,4.70E-017,6.07E-013,5.80E-008,1.20E-007,4.04E-023,3.30E-015,9.90E-024,7.48E-018,4.59E-015,8.07E-037,2.34E-017,4.02E-028,2.80E-017,2.20E-023,8.63E-020,1.28E-024,6.88E-017,9.79E-020,7.97E-018,3.55E-019,9.98E-016,4.03E-015,3.13E-025,1.20E-010,5.72E-011,6.53E-013,2.99E-014,3.70E-031,4.54E-013,1.02E-015,6.07E-035,4.30E-016,3.32E-016,8.63E-014,2.34E-016,7.67E-001,0.00E+000,6.38E-029,1.60E-026,1.22E-023,1.06E-019,2.13E-006
2.94E+002,0.00E+000,0.00E+000,0.00E+000,2.33E-001,0.00E+000,0.00E+000,0.00E+000,0.00E+000,0.00E+000,0.00E+000,0.00E+000,0.00E+000,0.00E+000,0.00E+000,0.00E+000,0.00E+000,0.00E+000,0.00E+000,0.00E+000,0.00E+000,0.00E+000,0.00E+000,0.00E+000,0.00E+000,0.00E+000,0.00E+000,0.00E+000,0.00E+000,0.00E+000,0.00E+000,0.00E+000,0.00E+000,0.00E+000,0.00E+000,0.00E+000,0.00E+000,0.00E+000,0.00E+000,0.00E+000,0.00E+000,0.00E+000,0.00E+000,0.00E+000,0.00E+000,0.00E+000,0.00E+000,0.00E+000,7.67E-001,0.00E+000,0.00E+000,0.00E+000,0.00E+000,0.00E+000,0.00E+000
